"DESCRIPTION","DURATION IN MS","NAME","PARENT SUITE","START TIME","STATUS","STOP TIME","SUB SUITE","SUITE","TEST CLASS","TEST METHOD"
"Тест проверяет увеличения счетчика ингредиента при его добавлении в конструктор на главной странице сервиса","729","Проверка увеличения счетчика ингредиента при его добавлении в конструктор","tests","2026-07-05","passed","2026-07-05","TestMainFunctions","test_main_functions","",""
"Тест проверяет появления всплывающего окна с деталями при нажатии на ингредиент(Флюоресцентная булка R2-D3) на главной странице сервиса","109","Проверка появления всплывающего окна с деталями при нажатии на ингредиент","tests","2026-07-05","passed","2026-07-05","TestMainFunctions","test_main_functions","",""
"Тест проверяет появления номера заказа в разделе ""В работе"" после оформления заказа","2631","Проверка появления номера заказа в разделе ""В работе""","tests","2026-07-05","failed","2026-07-05","TestOrdersListSection","test_orders_list_section","",""
"Тест проверяет увеличение счетчика ""Выполнено за всё время"" при создании заказа в разделе ""Лента заказов""","1100","Проверка увеличения счетчика ""Выполнено за всё время"" при создании заказа","tests","2026-07-05","passed","2026-07-05","TestOrdersListSection","test_orders_list_section","",""
"Тест проверяет увеличение счетчика ""Выполнено за сегодня"" при создании заказа в разделе ""Лента заказов""","1092","Проверка увеличения счетчика ""Выполнено за сегодня"" при создании заказа","tests","2026-07-05","passed","2026-07-05","TestOrdersListSection","test_orders_list_section","",""
"Тест проверяет увеличение счетчика ""Выполнено за всё время"" при создании заказа в разделе ""Лента заказов""","1096","Проверка увеличения счетчика ""Выполнено за всё время"" при создании заказа","tests","2026-07-05","passed","2026-07-05","TestOrdersListSection","test_orders_list_section","",""
"Тест проверяет переход на раздел ""Конструктор"" нажатием на кнопку перехода ""Конструктор"" на странице ""Лента заказов""","116","Проверка перехода на раздел ""Конструктор""","tests","2026-07-05","passed","2026-07-05","TestMainFunctions","test_main_functions","",""
"Тест проверяет закрытие всплывающего окна с деталями ингредиента при нажатии на крестик в углу окна","700","Проверка закрытия всплывающего окна с деталями ингредиента","tests","2026-07-05","passed","2026-07-05","TestMainFunctions","test_main_functions","",""
"Тест проверяет увеличение счетчика ""Выполнено за сегодня"" при создании заказа в разделе ""Лента заказов""","1092","Проверка увеличения счетчика ""Выполнено за сегодня"" при создании заказа","tests","2026-07-05","passed","2026-07-05","TestOrdersListSection","test_orders_list_section","",""
"Тест проверяет переход на раздел ""Конструктор"" нажатием на кнопку перехода ""Конструктор"" на странице ""Лента заказов""","131","Проверка перехода на раздел ""Конструктор""","tests","2026-07-05","passed","2026-07-05","TestMainFunctions","test_main_functions","",""
"Тест проверяет появления всплывающего окна с деталями при нажатии на ингредиент(Флюоресцентная булка R2-D3) на главной странице сервиса","108","Проверка появления всплывающего окна с деталями при нажатии на ингредиент","tests","2026-07-05","passed","2026-07-05","TestMainFunctions","test_main_functions","",""
"Тест проверяет переход на раздел ""Лента заказов"" нажатием на кнопку перехода ""Лента заказов"" на главной странице сервиса","104","Проверка перехода на раздел ""Лента заказов""","tests","2026-07-05","passed","2026-07-05","TestMainFunctions","test_main_functions","",""
"Тест проверяет переход на раздел ""Лента заказов"" нажатием на кнопку перехода ""Лента заказов"" на главной странице сервиса","116","Проверка перехода на раздел ""Лента заказов""","tests","2026-07-05","passed","2026-07-05","TestMainFunctions","test_main_functions","",""
"Тест проверяет появления номера заказа в разделе ""В работе"" после оформления заказа","2661","Проверка появления номера заказа в разделе ""В работе""","tests","2026-07-05","failed","2026-07-05","TestOrdersListSection","test_orders_list_section","",""
"Тест проверяет увеличения счетчика ингредиента при его добавлении в конструктор на главной странице сервиса","863","Проверка увеличения счетчика ингредиента при его добавлении в конструктор","tests","2026-07-05","passed","2026-07-05","TestMainFunctions","test_main_functions","",""
"Тест проверяет закрытие всплывающего окна с деталями ингредиента при нажатии на крестик в углу окна","705","Проверка закрытия всплывающего окна с деталями ингредиента","tests","2026-07-05","passed","2026-07-05","TestMainFunctions","test_main_functions","",""
